species,category
purple_coneflower,native
black_eyed_susan,native
little_bluestem,native
indian_blanket,native
texas_bluebonnet,native
maximilian_sunflower,native
prairie_verbena,native
switchgrass,native
sideoats_grama,native
eastern_gamagrass,native
johnson_grass,introduced
king_ranch_bluestem,introduced
bermuda_grass,introduced
japanese_honeysuckle,introduced
chinese_tallow,introduced
privet,introduced
thistle,introduced
bahia_grass,introduced

campsis radicans,
glandularia bipinnatifida,
teucrium canadense,
phyla nodiflora,
ruellia simplex,
malvaviscus arboreus,
helenium amarum,
euphorbia bicolor,
rudbeckia amplexicaulis,
asclepias viridis,
neltuma glandulosa,
neptunia lutea,
cirsium engelmannii,
grindelia adenodonta,
lindheimera texana,
oenothera suffulta,
gaillardia pulchella,
monarda citriodora,
hymenopappus scabiosaeus,
chasmanthium latifolium,
quercus macrocarpa,
sideroxylon lanuginosum,
gleditsia triacanthos,
sapindus drummondii,
oenothera speciosa,
typha domingensis,
tetraneuris linearifolia,
ambrosia trifida,
bouteloua curtipendula,
calyptocarpus vialis,
lactuca serriola,
zanthoxylum clava-herculis,
solanum elaeagnifolium,
bouteloua dactyloides,
ligustrum quihoui,
phyllanthus polygonoides,
bouteloua rigidiseta,
ratibida columnifera,
melia azedarach,
lonicera maackii,
clematis pitcheri,
geum canadense,
marshallia caespitosa,
eryngium yuccifolium,
chamaecrista fasciculata,
hibiscus laevis,
acer negundo,
lonicera sempervirens,
zephyranthes tubispatha,
ulmus crassifolia,
pistacia chinensis,
convolvulus equitans,
commelina erecta,
plectocephalus americanus,
salvia azurea,
convolvulus arvensis,
verbesina encelioides,
rudbeckia hirta,
parthenium hysterophorus,
solanum rostratum,
lamium amplexicaule,
rumex crispus,
vernonia baldwinii,
phytolacca americana,
tridens albescens,
oenothera triloba,
rapistrum rugosum,
oenothera curtiflora,
pediomelum rhombifolium,
silphium albiflorum,
pediomelum linearifolium,
erioneuron pilosum,
toxicodendron radicans,
helianthus annuus,
grindelia ciliata,
melilotus albus,
croton monanthogynus,
senna roemeriana,
passiflora lutea,
penstemon cobaea,
ipomopsis rubra,
cissus trifoliata,
nephroia carolina,
avena fatua,
engelmannia peristenia,
linum pratense,
quercus muehlenbergii,
hymenopappus tenuifolius,
maclura pomifera,
bothriochloa torreyana,
dalea compacta,
asparagus officinalis,
palafoxia callosa,
yucca arkansana,
thelesperma filifolium,
hedeoma reverchonii,
rubus trivialis,
carya illinoinensis,
cercis canadensis,
fraxinus pennsylvanica,
elymus virginicus,
viola missouriensis,
trifolium repens,
baccharis neglecta,
styphnolobium affine,
iva annua,
bothriochloa ischaemum,
torilis arvensis,
bromus japonicus,
cnidoscolus texanus,
panicum capillare,
tridens strictus,
erigeron canadensis,
baptisia sphaerocarpa,
lespedeza virginica,
punica granatum,
sixalix atropurpurea,
eryngium hookeri,
oxalis dillenii,
justicia americana,
quercus shumardii,
helianthus maximiliani,
daucus carota,
ruellia nudiflora,
ligustrum lucidum,
frangula caroliniana,
melilotus officinalis,
desmanthus illinoensis,
desmanthus leptolobus,
vitis mustangensis,
eustoma russellianum,
cephalanthus occidentalis,
asclepias asperula,
oenothera capillifolia,
dalea aurea,
linum rigidum,
ilex decidua,
verbesina virginica,
dyschoriste linearis,
asclepias viridiflora,
opuntia macrorhiza,
bromus catharticus,
sherardia arvensis,
sabulina michauxii,
dalea hallii,
pediomelum reverchonii,
dalea reverchonii,
dalea tenuis,
grindelia lanceolata,
scutellaria drummondii,
lythrum alatum,
silphium laciniatum,
erigeron strigosus,
stenaria nigricans,
sorghum halepense,
passiflora incarnata,
plantago lanceolata,
gaillardia aestivalis,
sabatia campestris,
medicago lupulina,
veronica persica,
krameria lanceolata,
anisacanthus quadrifidus,
paspalum pubiflorum,
bothriochloa barbinodis,
panicum virgatum,
rivina humilis,
coreopsis tinctoria,
tripsacum dactyloides,
rosa setigera,
solanum carolinense,
aristida purpurea,
eragrostis secundiflora,
lithospermum bejariense,
centrosema virginianum,
bouteloua hirsuta,
triadica sebifera,
lactuca ludoviciana,
nandina domestica,
mollugo verticillata,
cirsium texanum,
euploca tenella,
populus deltoides,
asclepias tuberosa,
carduus nutans,
leucospora multifida,
phalaris caroliniana,
dichondra carolinensis,
sabal minor,
tradescantia pallida,
nelumbo lutea,
celtis laevigata,
portulaca oleracea,
modiola caroliniana,
paspalum langei,
pyrus calleryana,
monarda punctata,
croton glandulosus,
diospyros virginiana,
mimosa strigillosa,
indigofera miniata,
zephyranthes chlorosolen,
acaciella angustissima,
callicarpa americana,
panicum coloratum,
eragrostis superba,
dalea enneandra,
symphoricarpos orbiculatus,
ambrosia psilostachya,
centaurea solstitialis,
albizia julibrissin,
polypogon monspeliensis,
pontederia cordata,
eragrostis cilianensis,
chloris verticillata,
aristida oligantha,
paspalum setaceum,
eragrostis curvula,
allium ampeloprasum,
solanum dimidiatum,
callirhoe leiocarpa,
juglans nigra,
monarda fistulosa,
echinacea angustifolia,
ruellia humilis,
nekemias arborea,
smilax bona-nox,
heterotheca canescens,
argemone albiflora,
silene stellata,
rudbeckia maxima,
neptunia pubescens,
lysimachia arvensis,
urochloa ciliatissima,
morus alba,
diodia virginiana,
prunus mexicana,
quercus marilandica,
cornus drummondii,
acalypha persimilis,
salix nigra,
dalea frutescens,
plantago aristata,
vitex agnus-castus,
lolium arundinaceum,
perilla frutescens,
erythrostemon gilliesii,
erodium cicutarium,
helianthus hirsutus,
ziziphus jujuba,
polytaenia texana,
arnoglossum plantagineum,
stillingia texana,
sisyrinchium micranthum,
verbena rigida,
callirhoe involucrata,
sambucus canadensis,
aristolochia fimbriata,
phyla lanceolata,
forestiera pubescens,
persicaria amphibia,
ligustrum sinense,
ilex vomitoria,
phoradendron leucarpum,
acalypha virginica,
physalis cinerascens,
ipomoea cordatotriloba,
argythamnia humilis,
bothriochloa bladhii,
sida abutilifolia,
solanum emulans,
urochloa reptans,
verbena halei,
coelorachis cylindrica,
paspalum dilatatum,
lonicera japonica,
symphyotrichum drummondii,
nymphaea odorata,
ranunculus sardous,
prunus persica,
tragopogon dubius,
gaillardia amblyodon,
abutilon fruticosum,
asclepias stenophylla,
setaria parviflora,
cucumis melo,
helenium elegans,
bothriochloa longipaniculata,
chloris virgata,
rhus aromatica,
amorpha fruticosa,
nassella leucotricha,
cenchrus spinifex,
bacopa monnieri,
veronica anagallis-aquatica,
samolus parviflorus,
paspalum urvillei,
fraxinus albicans,
fatoua villosa,
eleocharis montevidensis,
diplotaxis muralis,
froelichia gracilis,
mirabilis albida,
lantana urticoides,
lantana strigocamara,
securigera varia,
proboscidea louisianica,
parthenocissus quinquefolia,
hopia obtusa,
quercus sinuata breviloba,
liatris aestivalis,
paspalum notatum,
gonolobus suberosus,
castilleja indivisa,
ammannia coccinea,
capsicum annuum,
polypremum procumbens,
euphorbia dentata,
yucca pallida,
salvia texana,
senega alba,
coryphantha sulcata,
schizachyrium scoparium,
callirhoe pedata,
lupinus texensis,
arundo donax,
ailanthus altissima,
cichorium intybus,
desmodium tweedyi,
eriochloa sericea,
tribulus terrestris,
triticum aestivum,
silybum marianum,
verbascum thapsus,
paspalum distichum,
ulmus americana,
rumex pulcher,
vicia villosa,
helianthus divaricatus,
rhus glabra,
sphenopholis obtusata,
dermatophyllum secundiflorum,
verbesina alternifolia,
allium canadense,
alternanthera philoxeroides,
carex cherokeensis,
potentilla indica,
quercus stellata,
artemisia ludoviciana,
boerhavia coccinea,
setaria viridis,
zizia aurea,
smilax tamnoides,
silphium radula,
cyperus acuminatus,
taraxacum officinale,
ungnadia speciosa,
oenothera rhombipetala,
asclepias oenotheroides,
photinia serratifolia,
chasmanthium sessiliflorum,
bletia arizonica,
pediomelum cuspidatum,
evolvulus sericeus,
mikania scandens,
oenothera laciniata,
hibiscus lasiocarpos,
salvia farinacea,
dalea multiflora,
elephantopus carolinianus,
achillea millefolium,
elymus canadensis,
portulaca grandiflora,
physalis philadelphica,
diaperia prolifera,
persicaria lapathifolia,
lechea tenuifolia,
galactia regularis,
cyperus echinatus,
strophostyles helvola,
verbena xutha,
carex crus-corvi,
boerhavia erecta,
oenothera macrocarpa,
cyperus rotundus,
disakisperma dubium,
liquidambar styraciflua,
oxalis corniculata,
commelina communis,
ampelopsis cordata,
salvia lyrata,
hibiscus syriacus,
platanus occidentalis,
cucurbita foetidissima,
echinochloa colona,
tridens flavus,
juncus marginatus,
melothria pendula,
dinebra panicea,
urochloa platyphylla,
physalis longifolia,
trepocarpus aethusae,
cynodon dactylon,
ptilimnium nuttallii,
bifora americana,
dalea purpurea,
oenothera glaucifolia,
liatris punctata,
clitoria mariana,
lygodesmia texana,
sesbania vesicaria,
coreopsis lanceolata,
lathyrus hirsutus,
hypericum perforatum,
thymelaea passerina,
sorghastrum nutans,
cardiospermum halicacabum,
nothoscordum bivalve,
xanthium strumarium,
solidago rigida,
matelea biflora,
sedum nuttallii,
phemeranthus calcaricus,
acmispon americanus,
bradburia pilosa,
petrorhagia dubia,
parietaria pensylvanica,
ruellia strepens,
mazus pumilus,
lonicera albiflora,
impatiens balsamina,
dysodiopsis tagetoides,
berchemia scandens,
verbena brasiliensis,
mentzelia oligosperma,
pyrrhopappus pauciflorus,
ipomoea quamoclit,
eupatorium serotinum,
agalinis heterophylla,
amphiachyris dracunculoides,
paronychia virginica,
iva angustifolia,
quercus buckleyi,
eriogonum longifolium,
elymus glabriflorus,
cyperus retrorsus,
schoenoplectus californicus,
linum hudsonioides,
heteranthera limosa,
linum berlandieri,
symphyotrichum ericoides,
heterotheca subaxillaris,
pluchea odorata,
eragrostis barrelieri,
cyclospermum leptophyllum,
zeltnera texensis,
gratiola quartermaniae,
salvia coccinea,
anemone berlandieri,
castilleja purpurea,
bowlesia incana,
phyllostachys aurea,
euphorbia prostrata,
sonchus asper,
viburnum rufidulum,
carex aureolensis,
elaeagnus pungens,
juncus diffusissimus,
carex tetrastachya,
arisaema dracontium,
sanicula odorata,
zeltnera beyrichii,
mentha spicata,
sagittaria platyphylla,
colocasia esculenta,
polanisia erosa,
escobaria missouriensis similis,
tephrosia virginiana,
anatherum tenuispatheum,
oxalis articulata,
cyperus pseudovegetus,
bignonia capreolata,
narcissus tazetta,
chenopodium album,
bromus pubescens,
sanicula canadensis,
tetragonotheca ludoviciana,
eleusine indica,
conoclinium dissectum,
penstemon tenuis,
polanisia dodecandra,
delphinium ajacis,
centaurea cyanus,
vernonia lindheimeri,
tagetes lunulata,
trifolium vessiculosum,
juncus brachycarpus,
fimbristylis puberula,
aira caryophyllea,
festuca myuros,
dichanthelium helleri,
silene antirrhina,
tridens congestus,
juncus torreyi,
cynanchum unifarium,
triodanis biflora,
bouteloua pectinata,
eclipta prostrata,
bupleurum rotundifolium,
persicaria hydropiperoides,
cicuta maculata,
hordeum pusillum,
firmiana simplex,
ludwigia peploides,
rhus copallinum,
galium aparine,
chaetopappa asteroides,
baptisia nuttalliana,
allium drummondii,
salvia engelmannii,
vinca major,
prunus serotina,
astragalus lotiflorus,
setaria reverchonii,
solanum americanum,
leersia oryzoides,
centaurium tenuiflorum,
tragia urticifolia,
pavonia lasiopetala,
echinacea atrorubens,
toxicodendron radicans verrucosum,
sporobolus compositus,
allium fraseri,
solanum triquetrum,
malvastrum coromandelianum,
torilis nodosa,
packera tampicana,
medicago orbicularis,
lactuca floridana,
thalictrum dasycarpum,
phlox drummondii,
monarda clinopodioides,
soliva sessilis,
apocynum cannabinum,
lonicera fragrantissima,
muhlenbergia sericea,
eriochloa contracta,
agastache mexicana,
potamogeton nodosus,
tridentopsis mutica,
cosmos bipinnatus,
euploca convolvulacea,
prunus angustifolia,
iris pseudacorus,
cylindropuntia leptocaulis,
salvia roemeriana,
coreopsis wrightii,
elymus smithii,
urochloa texana,
morus indica,
monarda citriodora citriodora,
zinnia elegans,
coreopsis basalis,
datura wrightii,
carya tomentosa,
vitis cinerea,
sisyrinchium ensigerum,
nama hispida,
abutilon theophrasti,
scirpus pendulus,
andropogon gerardi,
crinum bulbispermum,
lolium perenne,
senna lindheimeriana,
muhlenbergia paniculata,
paspalum floridanum,
crocanthemum georgianum,
cirsium undulatum,
sideranthus texanus drummondii,
amaranthus palmeri,
hexasepalum teres,
symphyotrichum patens,
evolvulus nuttallianus,
linum imbricatum,
argythamnia mercurialina,
persicaria amphibia emersa,
desmodium paniculatum,
croton lindheimerianus,
vitis vulpina,
trifolium pratense,
rosa foliolosa,
urtica chamaedryoides,
nemastylis geminiflora,
ceanothus herbaceus,
briza minor,
mimosa quadrivalvis,
tragia ramosa,
cyperus ochraceus,
melampodium leucanthum,
euphorbia maculata,
verbena urticifolia,
conoclinium coelestinum,
plantago rhodosperma,
oxalis triangularis,
plantago wrightiana,
brickellia eupatorioides,
hypericum hypericoides,
ibervillea lindheimeri,
borago officinalis,
passiflora incarnata × cincinnata,
lolium × boucheanum,
symphyotrichum oblongifolium,
delphinium carolinianum,
fraxinus berlandieriana,
limnodea arkansana,
tetraneuris scaposa,
asclepias verticillata,
pombalia verticillata,
lespedeza cuneata,
trifolium incarnatum,
mirabilis jalapa,
prunus caroliniana,
chilopsis linearis,
rubus oklahomus,
codiaeum variegatum,
hydrangea macrophylla,
azadirachta indica,
penstemon laxiflorus,
dichanthelium oligosanthes,
liatris punctata mucronata,
opuntia lindheimeri,
verbascum blattaria,
physostegia pulchella,
smilax rotundifolia,
solanum,
maurandella antirrhiniflora,
eryngium leavenworthii,
persicaria virginiana,
euphorbia ophthalmica,
escobaria missouriensis,
plantago helleri,
mimosa quadrivalvis platycarpa,
eriogonum longifolium longifolium,
lablab purpureus,
lemna minor,
physaria engelmannii,
lactuca saligna,
trifolium arvense,
carex microdonta,
digitaria sanguinalis,
funastrum crispum,
muscari neglectum,
pediomelum digitatum,
allium vineale,
erodium texanum,
alophia drummondii,
aegilops cylindrica,
phacelia congesta,
ceratophyllum demersum,
agrostis hyemalis,
packera obovata,
phyllanthus urinaria,
aphyllon ludovicianum,
zornia bracteata,
sporobolus cryptandrus,
celtis reticulata,
sorghum bicolor,
ludwigia octovalvis,
cyperus esculentus,
quercus similis,
juncus repens,
cyperus retroflexus,
galium texense,
dichondra repens,
berberis glaucocarpa,
veronica biloba,
buxus colchica,
cymbidium goeringii,
aristolochia californica,
houttuynia cordata,
liriope spicata,
dyssodia tagetiflora,
causonis eurynema,
lonicera ruprechtiana,
leersia virginica,
wedelia hispida,
vicia sativa,
trifolium campestre,
cyperus brevifolius,
euphorbia spathulata,
poa annua,
berberis trifoliolata,
leucaena retusa,
phlox pilosa,
euphorbia missurica,
broussonetia papyrifera,
lepidium virginicum,
toxicodendron pubescens,
solanum tuberosum,
carex grisea,
daucus pusillus,
anatherum virginicum,
hedeoma hispida,
geranium dissectum,
linaria maroccana,
morus nigra,
avena sativa,
taraxacum,
bletia spicata,
geranium carolinianum,
magnolia grandiflora,
oxalis debilis,
bouteloua gracilis,
scutellaria wrightii,
solidago altissima,
sagittaria latifolia,
amphicarpaea bracteata,
youngia japonica,
toxicodendron radicans negundo,
liriope muscari,
polycarpon tetraphyllum,
astragalus canadensis,
phemeranthus rugospermus,
hedera helix,
amsonia ciliata,
asimina triloba,
ipomoea purpurea,
myagrum perfoliatum,
valerianella radiata,
lepidium densiflorum,
verbena bracteata,
ageratina havanensis,
prunella vulgaris,
podophyllum peltatum,
lechea san-sabeana,
crocanthemum rosmarinifolium,
sideranthus texanus,
cosmos sulphureus,
ptelea trifoliata,
euonymus atropurpureus,
echinodorus berteroi,
forestiera acuminata,
catapodium rigidum,
papaver rhoeas,
prunus laurocerasus,
cynanchum laeve,
passiflora incarnata alba,
medicago polymorpha,
morus rubra,
camassia scilloides,
warnockia scutellarioides,
phemeranthus parviflorus,
bromus tectorum,
persicaria bicornis,
pediomelum tenuiflorum,
saururus cernuus,
escobaria missouriensis missouriensis,
froelichia floridana,
stillingia sylvatica,
yucca necopina,
aristolochia tomentosa,
digitaria cognata,
hymenopappus artemisiifolius,
rumex hastatulus,
senna marilandica,
spirodela polyrhiza,
eragrostis curtipedicellata,
ambrosia artemisiifolia,
physaria gracilis,
ulmus alata,
strophostyles leiosperma,
panicum hallii,
argemone aurantiaca,
erigeron divaricatus,
catalpa speciosa,
festuca octoflora,
zea mays,
corallorhiza wisteriana,
aesculus glabra arguta,
muhlenbergia reverchonii,
quercus nigra,
scandix pecten-veneris,
fleischmannia incarnata,
tropaeolum majus,
linaria texana,
galium virgatum,
marshallia caespitosa signata,
buchnera americana,
stenotaphrum secundatum,
hedypnois rhagadioloides,
citrus trifoliata,
delphinium carolinianum virescens,
vicia ludoviciana,
mimosa nuttallii,
salvia uliginosa,
quercus virginiana,
agave ovatifolia,
quercus velutina,
verbesina helianthoides,
monarda citriodora,
thelesperma filifolium,
plectocephalus americanus,
passiflora lutea,
campsis radicans,
glandularia bipinnatifida,
teucrium canadense,
phyla nodiflora,
ruellia simplex,
malvaviscus arboreus,
helenium amarum,
euphorbia bicolor,
rudbeckia amplexicaulis,
asclepias viridis,
neltuma glandulosa,
neptunia lutea,
cirsium engelmannii,
grindelia adenodonta,
lindheimera texana,
oenothera suffulta,
gaillardia pulchella,
hymenopappus scabiosaeus,
chasmanthium latifolium,
quercus macrocarpa,
sideroxylon lanuginosum,
gleditsia triacanthos,
sapindus drummondii,
oenothera speciosa,
typha domingensis,
tetraneuris linearifolia,
ambrosia trifida,
bouteloua curtipendula,
calyptocarpus vialis,
lactuca serriola,
zanthoxylum clava-herculis,
parthenium hysterophorus,
solanum elaeagnifolium,
bouteloua dactyloides,
ligustrum quihoui,
phyllanthus polygonoides,
bouteloua rigidiseta,
ratibida columnifera,
melia azedarach,
lonicera maackii,
clematis pitcheri,
geum canadense,
marshallia caespitosa,
eryngium yuccifolium,
chamaecrista fasciculata,
hibiscus laevis,
acer negundo,
lonicera sempervirens,
zephyranthes tubispatha,
ulmus crassifolia,
pistacia chinensis,
convolvulus equitans,
commelina erecta,
salvia azurea,
convolvulus arvensis,
verbesina encelioides,
rudbeckia hirta,
solanum rostratum,
lamium amplexicaule,
rumex crispus,
vernonia baldwinii,
phytolacca americana,
tridens albescens,
oenothera triloba,
rapistrum rugosum,
oenothera curtiflora,
pediomelum rhombifolium,
silphium albiflorum,
pediomelum linearifolium,
erioneuron pilosum,
toxicodendron radicans,
helianthus annuus,
grindelia ciliata,
melilotus albus,
croton monanthogynus,
senna roemeriana,
penstemon cobaea,
ipomopsis rubra,
cissus trifoliata,
nephroia carolina,
avena fatua,
engelmannia peristenia,
linum pratense,
quercus muehlenbergii,
hymenopappus tenuifolius,
maclura pomifera,
bothriochloa torreyana,
dalea compacta,
asparagus officinalis,
palafoxia callosa,
yucca arkansana,
hedeoma reverchonii,
rubus trivialis,
carya illinoinensis,
cercis canadensis,
fraxinus pennsylvanica,
elymus virginicus,
viola missouriensis,
trifolium repens,
baccharis neglecta,
styphnolobium affine,
iva annua,
bothriochloa ischaemum,
torilis arvensis,
bromus japonicus,
cnidoscolus texanus,
panicum capillare,
tridens strictus,
erigeron canadensis,
baptisia sphaerocarpa,
lespedeza virginica,
punica granatum,
sixalix atropurpurea,
eryngium hookeri,
oxalis dillenii,
justicia americana,
quercus shumardii,
helianthus maximiliani,
daucus carota,
ruellia nudiflora,
salvia coccinea,
ligustrum lucidum,
frangula caroliniana,
melilotus officinalis,
desmanthus illinoensis,
desmanthus leptolobus,
vitis mustangensis,
eustoma russellianum,
cephalanthus occidentalis,
asclepias asperula,
oenothera capillifolia,
dalea aurea,
linum rigidum,
ilex decidua,
verbesina virginica,
dyschoriste linearis,
asclepias viridiflora,
opuntia macrorhiza,
bromus catharticus,
sherardia arvensis,
sabulina michauxii,
dalea hallii,
pediomelum reverchonii,
dalea reverchonii,
dalea tenuis,
grindelia lanceolata,
scutellaria drummondii,
verbena halei,
solanum dimidiatum,
ruellia humilis,
bifora americana,
stillingia texana,
lythrum alatum,
silphium laciniatum,
erigeron strigosus,
stenaria nigricans,
sorghum halepense,
passiflora incarnata,
plantago lanceolata,
gaillardia aestivalis,
sabatia campestris,
medicago lupulina,
veronica persica,
krameria lanceolata,
anisacanthus quadrifidus,
paspalum pubiflorum,
bothriochloa barbinodis,
panicum virgatum,
rivina humilis,
coreopsis tinctoria,
tripsacum dactyloides,
rosa setigera,
solanum carolinense,
aristida purpurea,
eragrostis secundiflora,
lithospermum bejariense,
centrosema virginianum,
bouteloua hirsuta,
triadica sebifera,
salvia lyrata,
lactuca ludoviciana,
nandina domestica,
mollugo verticillata,
cirsium texanum,
euploca tenella,
populus deltoides,
asclepias tuberosa,
carduus nutans,
leucospora multifida,
phalaris caroliniana,
dichondra carolinensis,
sabal minor,
tradescantia pallida,
nelumbo lutea,
celtis laevigata,
portulaca oleracea,
modiola caroliniana,
paspalum langei,
pyrus calleryana,
monarda punctata,
croton glandulosus,
diospyros virginiana,
mimosa strigillosa,
indigofera miniata,
zephyranthes chlorosolen,
acaciella angustissima,
callicarpa americana,
panicum coloratum,
eragrostis superba,
dalea enneandra,
symphoricarpos orbiculatus,
salvia farinacea,
ambrosia psilostachya,
centaurea solstitialis,
albizia julibrissin,
polypogon monspeliensis,
pontederia cordata,
eragrostis cilianensis,
chloris verticillata,
aristida oligantha,
paspalum setaceum,
eragrostis curvula,
allium ampeloprasum,
callirhoe leiocarpa,
juglans nigra,
monarda fistulosa,
echinacea angustifolia,
nekemias arborea,
smilax bona-nox,
heterotheca canescens,
argemone albiflora,
silene stellata,
rudbeckia maxima,
neptunia pubescens,
lysimachia arvensis,
urochloa ciliatissima,
morus alba,
diodia virginiana,
prunus mexicana,
quercus marilandica,
cornus drummondii,
acalypha persimilis,
salix nigra,
dalea frutescens,
plantago aristata,
vitex agnus-castus,
lolium arundinaceum,
perilla frutescens,
erythrostemon gilliesii,
erodium cicutarium,
helianthus hirsutus,
ziziphus jujuba,
polytaenia texana,
arnoglossum plantagineum,
sisyrinchium micranthum,
verbena rigida,
callirhoe involucrata,
sambucus canadensis,
aristolochia fimbriata,
phyla lanceolata,
forestiera pubescens,
persicaria amphibia,
ligustrum sinense,
ilex vomitoria,
phoradendron leucarpum,
acalypha virginica,
physalis cinerascens,
ipomoea cordatotriloba,
argythamnia humilis,
bothriochloa bladhii,
sida abutilifolia,
solanum emulans,
urochloa reptans,
coelorachis cylindrica,
paspalum dilatatum,
lonicera japonica,
symphyotrichum drummondii,
nymphaea odorata,
ranunculus sardous,
prunus persica,
tragopogon dubius,
gaillardia amblyodon,
abutilon fruticosum,
asclepias stenophylla,
setaria parviflora,
cucumis melo,
helenium elegans,
bothriochloa longipaniculata,
chloris virgata,
rhus aromatica,
amorpha fruticosa,
nassella leucotricha,
cenchrus spinifex,
bacopa monnieri,
veronica anagallis-aquatica,
samolus parviflorus,
paspalum urvillei,
fraxinus albicans,
fatoua villosa,
eleocharis montevidensis,
diplotaxis muralis,
froelichia gracilis,
mirabilis albida,
lantana urticoides,
lantana strigocamara,
securigera varia,
proboscidea louisianica,
parthenocissus quinquefolia,
hopia obtusa,
quercus sinuata breviloba,
liatris aestivalis,
paspalum notatum,
gonolobus suberosus,
castilleja indivisa,
ammannia coccinea,
capsicum annuum,
polypremum procumbens,
euphorbia dentata,
yucca pallida,
salvia texana,
senega alba,
coryphantha sulcata,
schizachyrium scoparium,
callirhoe pedata,
lupinus texensis,
arundo donax,
ailanthus altissima,
cichorium intybus,
desmodium tweedyi,
eriochloa sericea,
tribulus terrestris,
triticum aestivum,
silybum marianum,
verbascum thapsus,
paspalum distichum,
ulmus americana,
rumex pulcher,
vicia villosa,
helianthus divaricatus,
rhus glabra,
sphenopholis obtusata,
dermatophyllum secundiflorum,
verbesina alternifolia,
allium canadense,
alternanthera philoxeroides,
carex cherokeensis,
potentilla indica,
quercus stellata,
artemisia ludoviciana,
boerhavia coccinea,
setaria viridis,
zizia aurea,
smilax tamnoides,
silphium radula,
cyperus acuminatus,
taraxacum officinale,
ungnadia speciosa,
oenothera rhombipetala,
asclepias oenotheroides,
photinia serratifolia,
chasmanthium sessiliflorum,
bletia arizonica,
pediomelum cuspidatum,
evolvulus sericeus,
mikania scandens,
oenothera laciniata,
hibiscus lasiocarpos,
dalea multiflora,
elephantopus carolinianus,
achillea millefolium,
elymus canadensis,
portulaca grandiflora,
physalis philadelphica,
diaperia prolifera,
persicaria lapathifolia,
lechea tenuifolia,
galactia regularis,
cyperus echinatus,
strophostyles helvola,
verbena xutha,
carex crus-corvi,
boerhavia erecta,
oenothera macrocarpa,
cyperus rotundus,
disakisperma dubium,
liquidambar styraciflua,
oxalis corniculata,
commelina communis,
ampelopsis cordata,
hibiscus syriacus,
platanus occidentalis,
cucurbita foetidissima,
echinochloa colona,
tridens flavus,
juncus marginatus,
melothria pendula,
dinebra panicea,
urochloa platyphylla,
physalis longifolia,
trepocarpus aethusae,
cynodon dactylon,
ptilimnium nuttallii,
dalea purpurea,
oenothera glaucifolia,
liatris punctata,
clitoria mariana,
lygodesmia texana,
sesbania vesicaria,
coreopsis lanceolata,
lathyrus hirsutus,
hypericum perforatum,
thymelaea passerina,
sorghastrum nutans,
cardiospermum halicacabum,
nothoscordum bivalve,
xanthium strumarium,
solidago rigida,
matelea biflora,
sedum nuttallii,
phemeranthus calcaricus,
acmispon americanus,
bradburia pilosa,
petrorhagia dubia,
parietaria pensylvanica,
ruellia strepens,
mazus pumilus,
lonicera albiflora,
impatiens balsamina,
dysodiopsis tagetoides,
berchemia scandens,
verbena brasiliensis,
mentzelia oligosperma,
pyrrhopappus pauciflorus,
ipomoea quamoclit,
eupatorium serotinum,
agalinis heterophylla,
amphiachyris dracunculoides,
paronychia virginica,
iva angustifolia,
quercus buckleyi,
eriogonum longifolium,
elymus glabriflorus,
cyperus retrorsus,
schoenoplectus californicus,
linum hudsonioides,
heteranthera limosa,
linum berlandieri,
symphyotrichum ericoides,
heterotheca subaxillaris,
pluchea odorata,
eragrostis barrelieri,
cyclospermum leptophyllum,
zeltnera texensis,
gratiola quartermaniae,
anemone berlandieri,
castilleja purpurea,
bowlesia incana,
phyllostachys aurea,
euphorbia prostrata,
sonchus asper,
viburnum rufidulum,
carex aureolensis,
elaeagnus pungens,
rosa foliolosa,
juncus diffusissimus,
carex tetrastachya,
arisaema dracontium,
sanicula odorata,
zeltnera beyrichii,
mentha spicata,
sagittaria platyphylla,
colocasia esculenta,
polanisia erosa,
escobaria missouriensis similis,
tephrosia virginiana,
anatherum tenuispatheum,
oxalis articulata,
cyperus pseudovegetus,
bignonia capreolata,
narcissus tazetta,
chenopodium album,
bromus pubescens,
sanicula canadensis,
tetragonotheca ludoviciana,
eleusine indica,
conoclinium dissectum,
penstemon tenuis,
polanisia dodecandra,
delphinium ajacis,
centaurea cyanus,
vernonia lindheimeri,
tagetes lunulata,
trifolium vessiculosum,
juncus brachycarpus,
fimbristylis puberula,
aira caryophyllea,
festuca myuros,
dichanthelium helleri,
silene antirrhina,
tridens congestus,
juncus torreyi,
cynanchum unifarium,
triodanis biflora,
bouteloua pectinata,
eclipta prostrata,
bupleurum rotundifolium,
persicaria hydropiperoides,
cicuta maculata,
hordeum pusillum,
firmiana simplex,
ludwigia peploides,
rhus copallinum,
galium aparine,
chaetopappa asteroides,
baptisia nuttalliana,
allium drummondii,
salvia engelmannii,
vinca major,
prunus serotina,
astragalus lotiflorus,
setaria reverchonii,
solanum americanum,
leersia oryzoides,
centaurium tenuiflorum,
tragia urticifolia,
pavonia lasiopetala,
echinacea atrorubens,
toxicodendron radicans verrucosum,
sporobolus compositus,
allium fraseri,
solanum triquetrum,
malvastrum coromandelianum,
torilis nodosa,
packera tampicana,
medicago orbicularis,
lactuca floridana,
thalictrum dasycarpum,
phlox drummondii,
monarda clinopodioides,
soliva sessilis,
apocynum cannabinum,
lonicera fragrantissima,
muhlenbergia sericea,
eriochloa contracta,
agastache mexicana,
potamogeton nodosus,
tridentopsis mutica,
cosmos bipinnatus,
euploca convolvulacea,
prunus angustifolia,
iris pseudacorus,
cylindropuntia leptocaulis,
salvia roemeriana,
coreopsis wrightii,
elymus smithii,
urochloa texana,
morus indica,
monarda citriodora citriodora,
zinnia elegans,
coreopsis basalis,
datura wrightii,
carya tomentosa,
vitis cinerea,
sisyrinchium ensigerum,
nama hispida,
abutilon theophrasti,
scirpus pendulus,
andropogon gerardi,
crinum bulbispermum,
lolium perenne,
senna lindheimeriana,
muhlenbergia paniculata,
paspalum floridanum,
crocanthemum georgianum,
cirsium undulatum,
sideranthus texanus drummondii,
amaranthus palmeri,
hexasepalum teres,
symphyotrichum patens,
evolvulus nuttallianus,
linum imbricatum,
argythamnia mercurialina,
persicaria amphibia emersa,
desmodium paniculatum,
croton lindheimerianus,
vitis vulpina,
trifolium pratense,
urtica chamaedryoides,
nemastylis geminiflora,
ceanothus herbaceus,
briza minor,
mimosa quadrivalvis,
tragia ramosa,
cyperus ochraceus,
melampodium leucanthum,
euphorbia maculata,
verbena urticifolia,
conoclinium coelestinum,
plantago rhodosperma,
oxalis triangularis,
plantago wrightiana,
brickellia eupatorioides,
hypericum hypericoides,
ibervillea lindheimeri,
borago officinalis,
passiflora incarnata × cincinnata,
lolium × boucheanum,
symphyotrichum oblongifolium,
delphinium carolinianum,
fraxinus berlandieriana,
limnodea arkansana,
tetraneuris scaposa,
asclepias verticillata,
pombalia verticillata,
lespedeza cuneata,
trifolium incarnatum,
mirabilis jalapa,
prunus caroliniana,
chilopsis linearis,
rubus oklahomus,
codiaeum variegatum,
hydrangea macrophylla,
azadirachta indica,
penstemon laxiflorus,
dichanthelium oligosanthes,
liatris punctata mucronata,
opuntia lindheimeri,
verbascum blattaria,
physostegia pulchella,
smilax rotundifolia,
solanum,
maurandella antirrhiniflora,
eryngium leavenworthii,
persicaria virginiana,
euphorbia ophthalmica,
escobaria missouriensis,
plantago helleri,
mimosa quadrivalvis platycarpa,
eriogonum longifolium longifolium,
lablab purpureus,
lemna minor,
physaria engelmannii,
lactuca saligna,
trifolium arvense,
carex microdonta,
digitaria sanguinalis,
funastrum crispum,
muscari neglectum,
pediomelum digitatum,
allium vineale,
erodium texanum,
alophia drummondii,
aegilops cylindrica,
phacelia congesta,
ceratophyllum demersum,
agrostis hyemalis,
packera obovata,
phyllanthus urinaria,
aphyllon ludovicianum,
zornia bracteata,
sporobolus cryptandrus,
celtis reticulata,
sorghum bicolor,
ludwigia octovalvis,
cyperus esculentus,
quercus similis,
juncus repens,
cyperus retroflexus,
galium texense,
dichondra repens,
berberis glaucocarpa,
veronica biloba,
buxus colchica,
cymbidium goeringii,
aristolochia californica,
houttuynia cordata,
liriope spicata,
dyssodia tagetiflora,
causonis eurynema,
lonicera ruprechtiana,
leersia virginica,
wedelia hispida,
vicia sativa,
trifolium campestre,
cyperus brevifolius,
euphorbia spathulata,
poa annua,
berberis trifoliolata,
leucaena retusa,
phlox pilosa,
euphorbia missurica,
broussonetia papyrifera,
lepidium virginicum,
toxicodendron pubescens,
solanum tuberosum,
carex grisea,
daucus pusillus,
anatherum virginicum,
hedeoma hispida,
geranium dissectum,
linaria maroccana,
morus nigra,
avena sativa,
taraxacum,
bletia spicata,
geranium carolinianum,
magnolia grandiflora,
oxalis debilis,
bouteloua gracilis,
scutellaria wrightii,
solidago altissima,
sagittaria latifolia,
amphicarpaea bracteata,
youngia japonica,
toxicodendron radicans negundo,
liriope muscari,
polycarpon tetraphyllum,
astragalus canadensis,
phemeranthus rugospermus,
hedera helix,
amsonia ciliata,
asimina triloba,
ipomoea purpurea,
myagrum perfoliatum,
valerianella radiata,
lepidium densiflorum,
verbena bracteata,
ageratina havanensis,
prunella vulgaris,
podophyllum peltatum,
lechea san-sabeana,
crocanthemum rosmarinifolium,
sideranthus texanus,
cosmos sulphureus,
ptelea trifoliata,
euonymus atropurpureus,
echinodorus berteroi,
forestiera acuminata,
catapodium rigidum,
papaver rhoeas,
prunus laurocerasus,
cynanchum laeve,
passiflora incarnata alba,
medicago polymorpha,
morus rubra,
camassia scilloides,
warnockia scutellarioides,
phemeranthus parviflorus,
bromus tectorum,
persicaria bicornis,
pediomelum tenuiflorum,
saururus cernuus,
escobaria missouriensis missouriensis,
froelichia floridana,
stillingia sylvatica,
yucca necopina,
aristolochia tomentosa,
digitaria cognata,
hymenopappus artemisiifolius,
rumex hastatulus,
senna marilandica,
spirodela polyrhiza,
eragrostis curtipedicellata,
ambrosia artemisiifolia,
physaria gracilis,
ulmus alata,
strophostyles leiosperma,
panicum hallii,
argemone aurantiaca,
erigeron divaricatus,
catalpa speciosa,
festuca octoflora,
zea mays,
corallorhiza wisteriana,
aesculus glabra arguta,
muhlenbergia reverchonii,
quercus nigra,
scandix pecten-veneris,
fleischmannia incarnata,
tropaeolum majus,
linaria texana,
galium virgatum,
marshallia caespitosa signata,
buchnera americana,
stenotaphrum secundatum,
hedypnois rhagadioloides,
citrus trifoliata,
delphinium carolinianum virescens,
vicia ludoviciana,
mimosa nuttallii,
salvia uliginosa,
quercus virginiana,
agave ovatifolia,
quercus velutina,
verbesina helianthoides,
